{"cameraMode":{"drawMode":0,"name":"Shaded","section":"Shading Mode"},"sceneLighting":true,"audioPlay":false,"sceneViewState":{"showFog":true,"showMaterialUpdate":false,"showSkybox":true,"showFlares":true,"showImageEffects":true,"showParticleSystems":true},"in2DMode":false,"pivot":{"x":-0.21795690059661866,"y":4.526121139526367,"z":-5.2755584716796879},"rotation":{"x":0.4052530825138092,"y":-0.07636668533086777,"z":0.03399517387151718,"w":0.9103749394416809},"size":18.930004119873048,"orthographic":false}